collegegrad,opinion
yes,support
yes,support
yes,support
yes,support
yes,support
yes,support
yes,support
yes,support
yes,support
yes,support
yes,support
yes,support
yes,support
yes,support
yes,support
yes,support
yes,support
yes,support
yes,support
yes,support
yes,support
yes,support
yes,support
yes,support
yes,support
yes,support
yes,support
yes,support
yes,support
yes,support
yes,support
yes,support
yes,support
yes,support
yes,support
yes,support
yes,support
yes,support
yes,support
yes,support
yes,support
yes,support
yes,support
yes,support
yes,support
yes,support
yes,support
yes,support
yes,support
yes,support
yes,support
yes,support
yes,support
yes,support
yes,support
yes,support
yes,support
yes,support
yes,support
yes,support
yes,support
yes,support
yes,support
yes,support
yes,support
yes,support
yes,support
yes,support
yes,support
yes,support
yes,support
yes,support
yes,support
yes,support
yes,support
yes,support
yes,support
yes,support
yes,support
yes,support
yes,support
yes,support
yes,support
yes,support
yes,support
yes,support
yes,support
yes,support
yes,support
yes,support
yes,support
yes,support
yes,support
yes,support
yes,support
yes,support
yes,support
yes,support
yes,support
yes,support
yes,support
yes,support
yes,support
yes,support
yes,support
yes,support
yes,support
yes,support
yes,support
yes,support
yes,support
yes,support
yes,support
yes,support
yes,support
yes,support
yes,support
yes,support
yes,support
yes,support
yes,support
yes,support
yes,support
yes,support
yes,support
yes,support
yes,support
yes,support
yes,support
yes,support
yes,support
yes,support
yes,support
yes,support
yes,support
yes,support
yes,support
yes,support
yes,support
yes,support
yes,support
yes,support
yes,support
yes,support
yes,support
yes,support
yes,support
yes,support
yes,support
yes,support
yes,support
yes,support
yes,support
yes,support
yes,oppose
yes,oppose
yes,oppose
yes,oppose
yes,oppose
yes,oppose
yes,oppose
yes,oppose
yes,oppose
yes,oppose
yes,oppose
yes,oppose
yes,oppose
yes,oppose
yes,oppose
yes,oppose
yes,oppose
yes,oppose
yes,oppose
yes,oppose
yes,oppose
yes,oppose
yes,oppose
yes,oppose
yes,oppose
yes,oppose
yes,oppose
yes,oppose
yes,oppose
yes,oppose
yes,oppose
yes,oppose
yes,oppose
yes,oppose
yes,oppose
yes,oppose
yes,oppose
yes,oppose
yes,oppose
yes,oppose
yes,oppose
yes,oppose
yes,oppose
yes,oppose
yes,oppose
yes,oppose
yes,oppose
yes,oppose
yes,oppose
yes,oppose
yes,oppose
yes,oppose
yes,oppose
yes,oppose
yes,oppose
yes,oppose
yes,oppose
yes,oppose
yes,oppose
yes,oppose
yes,oppose
yes,oppose
yes,oppose
yes,oppose
yes,oppose
yes,oppose
yes,oppose
yes,oppose
yes,oppose
yes,oppose
yes,oppose
yes,oppose
yes,oppose
yes,oppose
yes,oppose
yes,oppose
yes,oppose
yes,oppose
yes,oppose
yes,oppose
yes,oppose
yes,oppose
yes,oppose
yes,oppose
yes,oppose
yes,oppose
yes,oppose
yes,oppose
yes,oppose
yes,oppose
yes,oppose
yes,oppose
yes,oppose
yes,oppose
yes,oppose
yes,oppose
yes,oppose
yes,oppose
yes,oppose
yes,oppose
yes,oppose
yes,oppose
yes,oppose
yes,oppose
yes,oppose
yes,oppose
yes,oppose
yes,oppose
yes,oppose
yes,oppose
yes,oppose
yes,oppose
yes,oppose
yes,oppose
yes,oppose
yes,oppose
yes,oppose
yes,oppose
yes,oppose
yes,oppose
yes,oppose
yes,oppose
yes,oppose
yes,oppose
yes,oppose
yes,oppose
yes,oppose
yes,oppose
yes,oppose
yes,oppose
yes,oppose
yes,oppose
yes,oppose
yes,oppose
yes,oppose
yes,oppose
yes,oppose
yes,oppose
yes,oppose
yes,oppose
yes,oppose
yes,oppose
yes,oppose
yes,oppose
yes,oppose
yes,oppose
yes,oppose
yes,oppose
yes,oppose
yes,oppose
yes,oppose
yes,oppose
yes,oppose
yes,oppose
yes,oppose
yes,oppose
yes,oppose
yes,oppose
yes,oppose
yes,oppose
yes,oppose
yes,oppose
yes,oppose
yes,oppose
yes,oppose
yes,oppose
yes,oppose
yes,oppose
yes,oppose
yes,oppose
yes,oppose
yes,oppose
yes,oppose
yes,oppose
yes,oppose
yes,oppose
yes,oppose
yes,oppose
yes,oppose
yes,oppose
yes,dontknow
yes,dontknow
yes,dontknow
yes,dontknow
yes,dontknow
yes,dontknow
yes,dontknow
yes,dontknow
yes,dontknow
yes,dontknow
yes,dontknow
yes,dontknow
yes,dontknow
yes,dontknow
yes,dontknow
yes,dontknow
yes,dontknow
yes,dontknow
yes,dontknow
yes,dontknow
yes,dontknow
yes,dontknow
yes,dontknow
yes,dontknow
yes,dontknow
yes,dontknow
yes,dontknow
yes,dontknow
yes,dontknow
yes,dontknow
yes,dontknow
yes,dontknow
yes,dontknow
yes,dontknow
yes,dontknow
yes,dontknow
yes,dontknow
yes,dontknow
yes,dontknow
yes,dontknow
yes,dontknow
yes,dontknow
yes,dontknow
yes,dontknow
yes,dontknow
yes,dontknow
yes,dontknow
yes,dontknow
yes,dontknow
yes,dontknow
yes,dontknow
yes,dontknow
yes,dontknow
yes,dontknow
yes,dontknow
yes,dontknow
yes,dontknow
yes,dontknow
yes,dontknow
yes,dontknow
yes,dontknow
yes,dontknow
yes,dontknow
yes,dontknow
yes,dontknow
yes,dontknow
yes,dontknow
yes,dontknow
yes,dontknow
yes,dontknow
yes,dontknow
yes,dontknow
yes,dontknow
yes,dontknow
yes,dontknow
yes,dontknow
yes,dontknow
yes,dontknow
yes,dontknow
yes,dontknow
yes,dontknow
yes,dontknow
yes,dontknow
yes,dontknow
yes,dontknow
yes,dontknow
yes,dontknow
yes,dontknow
yes,dontknow
yes,dontknow
yes,dontknow
yes,dontknow
yes,dontknow
yes,dontknow
yes,dontknow
yes,dontknow
yes,dontknow
yes,dontknow
yes,dontknow
yes,dontknow
yes,dontknow
yes,dontknow
yes,dontknow
yes,dontknow
no,support
no,support
no,support
no,support
no,support
no,support
no,support
no,support
no,support
no,support
no,support
no,support
no,support
no,support
no,support
no,support
no,support
no,support
no,support
no,support
no,support
no,support
no,support
no,support
no,support
no,support
no,support
no,support
no,support
no,support
no,support
no,support
no,support
no,support
no,support
no,support
no,support
no,support
no,support
no,support
no,support
no,support
no,support
no,support
no,support
no,support
no,support
no,support
no,support
no,support
no,support
no,support
no,support
no,support
no,support
no,support
no,support
no,support
no,support
no,support
no,support
no,support
no,support
no,support
no,support
no,support
no,support
no,support
no,support
no,support
no,support
no,support
no,support
no,support
no,support
no,support
no,support
no,support
no,support
no,support
no,support
no,support
no,support
no,support
no,support
no,support
no,support
no,support
no,support
no,support
no,support
no,support
no,support
no,support
no,support
no,support
no,support
no,support
no,support
no,support
no,support
no,support
no,support
no,support
no,support
no,support
no,support
no,support
no,support
no,support
no,support
no,support
no,support
no,support
no,support
no,support
no,support
no,support
no,support
no,support
no,support
no,support
no,support
no,support
no,support
no,support
no,support
no,support
no,support
no,support
no,support
no,support
no,oppose
no,oppose
no,oppose
no,oppose
no,oppose
no,oppose
no,oppose
no,oppose
no,oppose
no,oppose
no,oppose
no,oppose
no,oppose
no,oppose
no,oppose
no,oppose
no,oppose
no,oppose
no,oppose
no,oppose
no,oppose
no,oppose
no,oppose
no,oppose
no,oppose
no,oppose
no,oppose
no,oppose
no,oppose
no,oppose
no,oppose
no,oppose
no,oppose
no,oppose
no,oppose
no,oppose
no,oppose
no,oppose
no,oppose
no,oppose
no,oppose
no,oppose
no,oppose
no,oppose
no,oppose
no,oppose
no,oppose
no,oppose
no,oppose
no,oppose
no,oppose
no,oppose
no,oppose
no,oppose
no,oppose
no,oppose
no,oppose
no,oppose
no,oppose
no,oppose
no,oppose
no,oppose
no,oppose
no,oppose
no,oppose
no,oppose
no,oppose
no,oppose
no,oppose
no,oppose
no,oppose
no,oppose
no,oppose
no,oppose
no,oppose
no,oppose
no,oppose
no,oppose
no,oppose
no,oppose
no,oppose
no,oppose
no,oppose
no,oppose
no,oppose
no,oppose
no,oppose
no,oppose
no,oppose
no,oppose
no,oppose
no,oppose
no,oppose
no,oppose
no,oppose
no,oppose
no,oppose
no,oppose
no,oppose
no,oppose
no,oppose
no,oppose
no,oppose
no,oppose
no,oppose
no,oppose
no,oppose
no,oppose
no,oppose
no,oppose
no,oppose
no,oppose
no,oppose
no,oppose
no,oppose
no,oppose
no,oppose
no,oppose
no,oppose
no,oppose
no,oppose
no,oppose
no,oppose
no,oppose
no,oppose
no,oppose
no,dontknow
no,dontknow
no,dontknow
no,dontknow
no,dontknow
no,dontknow
no,dontknow
no,dontknow
no,dontknow
no,dontknow
no,dontknow
no,dontknow
no,dontknow
no,dontknow
no,dontknow
no,dontknow
no,dontknow
no,dontknow
no,dontknow
no,dontknow
no,dontknow
no,dontknow
no,dontknow
no,dontknow
no,dontknow
no,dontknow
no,dontknow
no,dontknow
no,dontknow
no,dontknow
no,dontknow
no,dontknow
no,dontknow
no,dontknow
no,dontknow
no,dontknow
no,dontknow
no,dontknow
no,dontknow
no,dontknow
no,dontknow
no,dontknow
no,dontknow
no,dontknow
no,dontknow
no,dontknow
no,dontknow
no,dontknow
no,dontknow
no,dontknow
no,dontknow
no,dontknow
no,dontknow
no,dontknow
no,dontknow
no,dontknow
no,dontknow
no,dontknow
no,dontknow
no,dontknow
no,dontknow
no,dontknow
no,dontknow
no,dontknow
no,dontknow
no,dontknow
no,dontknow
no,dontknow
no,dontknow
no,dontknow
no,dontknow
no,dontknow
no,dontknow
no,dontknow
no,dontknow
no,dontknow
no,dontknow
no,dontknow
no,dontknow
no,dontknow
no,dontknow
no,dontknow
no,dontknow
no,dontknow
no,dontknow
no,dontknow
no,dontknow
no,dontknow
no,dontknow
no,dontknow
no,dontknow
no,dontknow
no,dontknow
no,dontknow
no,dontknow
no,dontknow
no,dontknow
no,dontknow
no,dontknow
no,dontknow
no,dontknow
no,dontknow
no,dontknow
no,dontknow
no,dontknow
no,dontknow
no,dontknow
no,dontknow
no,dontknow
no,dontknow
no,dontknow
no,dontknow
no,dontknow
no,dontknow
no,dontknow
no,dontknow
no,dontknow
no,dontknow
no,dontknow
no,dontknow
no,dontknow
no,dontknow
no,dontknow
no,dontknow
no,dontknow
no,dontknow
no,dontknow
no,dontknow
no,dontknow
no,dontknow
no,dontknow